1001,41,30,2021-01-01 00:11:22,2021-12-12 18:24:00,Kevin,Kennard,+1-202-555-0155,1798 Fairfax Drive FL,false,1,1
1002,34,45,2021-01-01 00:11:22,2021-12-12 18:31:00,Peronel,Trevor,+1-202-555-0112,4775 Calico Drive Boston,false,1,1
1003,35,56,2021-01-01 00:11:22,1969-12-31 19:00:00,Marianne,Zander,+1-202-555-0162,1926 Stone Lane Boston,false,1,1
1004,75,89,2021-01-01 00:11:22,1969-12-31 19:00:00,Maurine,Pamela,+1-202-555-0134,926 Pine Tree Lane Boston,false,1,1
1005,54,34,2021-01-01 00:11:22,1969-12-31 19:00:00,Derryl,Julianne,+1-202-555-0152,4477 Front Street Boston,false,1,1
1006,56,67,2021-01-01 00:11:22,1969-12-31 19:00:00,Palmer,Jorja,+1-202-555-0137,2937 Harry Place Boston,false,1,1
1007,75,25,2021-01-01 00:11:22,1969-12-31 19:00:00,Blossom,Kristin,+1-202-555-0104,4004 Waterview Lane Boston,false,1,1
1008,42,12,2021-01-01 00:11:22,1969-12-31 19:00:00,Isadora,Rusty,+1-202-767-4324,4152 Hill Croft Farm Road Boston,false,1,1
1009,49,34,2021-01-01 00:11:22,1969-12-31 19:00:00,Haylie,Donna,+1-202-544-6554,388 Franklee Lane Boston,false,1,1
1010,67,56,2021-01-01 00:11:22,1969-12-31 19:00:00,Lina,Ronny,+1-202-908-3453,4977 Geneva Street Boston,false,1,1
1011,65,65,2021-01-01 00:11:22,1969-12-31 19:00:00,Kristie,Joleen,+1-345-555-3422,2604 Horseshoe Lane Boston,false,1,1
1012,46,89,2021-01-01 00:11:22,1969-12-31 19:00:00,Asia,Dustin,+1-202-245-2352,3293 Brown Avenue Boston,false,1,1
1013,72,90,2021-01-01 00:11:22,1969-12-31 19:00:00,Bessie,Derryl,+1-202-234-4342,648 Pike Street Boston,false,1,1
1014,34,34,2021-01-01 00:11:22,1969-12-31 19:00:00,Palmer,Faith,+1-202-987-2344,1620 Augusta Park Boston,false,1,1
1015,34,45,2021-01-01 00:11:22,1969-12-31 19:00:00,Mora,Matilda,+1-202-456-3433,632 Smith Street NY,false,1,1
1016,87,65,2021-01-01 00:11:22,1969-12-31 19:00:00,Romy,Jesse,+1-202-999-6533,904 Valley Street NY,false,1,1
1017,47,67,2021-01-01 00:11:22,1969-12-31 19:00:00,Linsay,Oli,+1-202-345-2343,1659 Java Lane NY,false,1,1
1018,65,87,2021-01-01 00:11:22,1969-12-31 19:00:00,Nikkole,Astor,+1-675-233-4533,1145 Pinewood Drive MA,false,1,1
1019,90,45,2021-01-01 00:11:22,1969-12-31 19:00:00,April,Georgie,+1-321-345-7654,1707 Poplar Chase Lane MA,false,1,1
1020,87,23,2021-01-01 00:11:22,1969-12-31 19:00:00,Linnet,Kim,+1-202-454-2345,842 Simpson Street MA,false,1,1
