1011,40,30,2021-01-01 00:11:22,peter,lee,1,1,3392384928,Boston,MA
1011,40,30,2021-01-01 00:11:22,peter1,lee1,1,1,3392384928,Boston,MA
1011,40,30,2021-01-01 00:11:22,peter2,lee2,1,1,3392384928,Boston,MA
1011,40,30,2021-01-01 00:11:22,peter3,lee3,1,1,3392384928,Boston,MA
1011,40,30,2021-01-01 00:11:22,peter4,lee4,1,1,3392384928,Boston,MA
1011,40,30,2021-01-01 00:11:22,peter5,lee5,1,1,3392384928,Boston,MA
1011,40,30,2021-01-01 00:11:22,peter6,lee6,1,1,3392384928,Boston,MA
1011,40,30,2021-01-01 00:11:22,peter7,lee7,1,1,3392384928,Boston,MA
1011,40,30,2021-01-01 00:11:22,peter8,lee8,1,1,3392384928,Boston,MA
1011,40,30,2021-01-01 00:11:22,peter9,lee9,1,1,3392384928,Boston,MA
1011,40,30,2021-01-01 00:11:22,peter10,lee10,1,1,3392384928,Boston,MA
1011,40,30,2021-01-01 00:11:22,peter11,lee11,1,1,3392384928,Boston,MA
1011,40,30,2021-01-01 00:11:22,peter12,lee12,1,1,3392384928,Boston,MA
1011,40,30,2021-01-01 00:11:22,peter13,lee12,1,1,3392384928,Boston,MA
